<?xml version="1.0"?>
<preferences>
	<pref name="Undo.Limited">False</pref>
	<pref name="Undo.Actions">100</pref>
	<pref name="Session.RememberCursorPosition">True</pref>
	<pref name="Undo.KeepAfterSave">Memory</pref>
	<pref name="Tools.ConversionTable.LEDecoding">False</pref>
	<pref name="Default.Layout.File">/nix/store/p2m92g9w1s3qycidjrm7qxm8y9nvn636-bless-0.6.3/share/bless/bless-default.layout</pref>
	<pref name="Default.Layout.UseCurrent">False</pref>
	<pref name="Tools.Statistics.Show">False</pref>
	<pref name="Default.EditMode">Insert</pref>
	<pref name="Highlight.PatternMatch">True</pref>
	<pref name="View.Statusbar.Show">True</pref>
	<pref name="Default.NumberBase">Hexadecimal</pref>
	<pref name="Session.RememberWindowGeometry">True</pref>
	<pref name="View.Toolbar.Show">True</pref>
	<pref name="Session.LoadPrevious">True</pref>
	<pref name="View.Statusbar.Selection">True</pref>
	<pref name="Tools.ConversionTable.Show">True</pref>
	<pref name="View.Statusbar.Overwrite">True</pref>
	<pref name="Session.AskBeforeLoading">False</pref>
	<pref name="View.Statusbar.Offset">True</pref>
	<pref name="ByteBuffer.TempDir" />
</preferences>