{
    "terminal" : {
        "place" : "label1",
        "path" : "ProgramFiles_Desktop",
        "DesktopApp" : "true",
        "appinfo" : "true",
        "title" : "Terminal",
        "width" : 25,
        "height" : 15,
        "backgroundColor" : "black",
        "icon" : "terminal.png",
        "content" : "<div style = 'padding : .33rem; color : white; '>Bun venit pe Uindou ! :)<div><div class = 'w-100' id = 'pastDiv' style = 'color : white; '></div><div class = 'w-100' style = 'display : flex; padding : .2rem;'><span style = 'color : white; height : .67rem;' class = 'daj'><small>></small></span><input id = 'terminalInput' class = 'w-100' style = 'color : white; font-size : 1rem; outline : none; border : none; background-color : black; '></div>" 
    },
    "copilasii" : {
        "place" : "label2",
        "path" : "ProgramFiles_Desktop",
        "DesktopApp" : "true",
        "appinfo" : "true",
        "title" : "Copilasii mei",
        "width" : 25,
        "height" : 15,
        "backgroundColor" : "#D4D3D2",
        "icon" : "copilasii.png",
        "content" : "<iframe class = 'w-100' style = 'height : 88%;' src='https://www.youtube.com/embed/NoTFUytUKWg' frameborder='0' allowfullscreen></iframe>" 
    },
    "pcuvant" : {
        "place" : "label2",
        "path" : "ProgramFiles_Desktop",
        "DesktopApp" : "true",
        "appinfo" : "true",
        "title" : "Kuvinte cu Dahn Neegruø",
        "width" : 30,
        "height" : 40,
        "backgroundColor" : "",
        "icon" : "pcuvant.png",
        "content" : "<iframe style = 'height : 100%; width : 100%' src = 'PCuvant/index.html'></iframe>" 
    },
    "gta6" : {
        "place" : "label2",
        "path" : "ProgramFiles_Desktop",
        "DesktopApp" : "true",
        "appinfo" : "true",
        "title" : "GTA 6",
        "width" : 30,
        "height" : 40, 
        "backgroundColor" : "",
        "icon" : "gta.png",
        "content" : "<img class = 'w-100' style = 'height : 100%;'src = 'assets/ciordeala.jpg'>" 
    },
    "bahoiImage" : {
        "place" : "label2",
        "path" : "ProgramFiles_Desktop",
        "DesktopApp" : "true",
        "appinfo" : "true",
        "title" : "Bahoi.",
        "width" : 20,
        "height" : 20,
        "backgroundColor" : "",
        "icon" : "image.png",
        "content" : "<img class = 'w-100' src = 'assets/bahoi.png'>" 
    },
    "ppe" : {
        "place" : "label2",
        "path" : "ProgramFiles_Desktop",
        "DesktopApp" : "true",
        "appinfo" : "true",
        "title" : "iliescu",
        "width" : 30,
        "height" : 15,
        "backgroundColor" : "",
        "icon" : "image.png",
        "content" : "<img class = 'w-100' style = 'height : 100%;' src = 'assets/ppe.png'>" 
    },
    "GChelutzu" : {
        "place" : "label2",
        "path" : "ProgramFiles_chelutzu",
        "DesktopApp" : "true",
        "appinfo" : "true",
        "title" : "Media memes",
        "width" : 45,
        "height" : 32,
        "backgroundColor" : "",
        "icon" : "mm.png",
        "content" : "<iframe class = 'w-100' style = 'height : 100%;' src='chelutzu/index.html' frameborder='0' allowfullscreen></iframe>" 
    },
    "iloveyou" : {
        "place" : "label2",
        "path" : "ProgramFiles_Desktop",
        "DesktopApp" : "true",
        "appinfo" : "true",
        "title" : "ILOVEYOU - Message",
        "width" : 25,
        "height" : 25,
        "backgroundColor" : "#C5C3C6",
        "icon" : "iloveyou.png",
        "content" : "<div style = 'height : 5%'></div><div style = 'display : flex;' ><div class = 'w-50 ' style = 'gap : .3rem; padding : .2rem; display : flex; flex-direction : column;'><span style = 'text-align : left;'>From : ma-ta</span><span style = 'text-align : left;'>to : you</span><span style = 'text-align : left;'>Subject : ILOVEYOU</span><br></div></div><div class = 'daj' style = 'height : 60%; flex-direction : column; gap : 1rem;'><textarea style = 'border : none; height : 95%; width : 95%;'></textarea><div style = 'background-color : white; height : 80%; width : 95%;'><div class = 'h-100 daj' style = 'padding : .33rem; width : 30%; flex-direction : column' id = 'iloveyou'><img style = 'height : 2.5rem;' src = 'assets/icons/vbs.png'><span>ILOVEYOU.vbs (255B)</span></div></div></div>" 
    },
    "varasimulator" : {
        "place" : "label2",
        "path" : "ProgramFiles_Desktop",
        "DesktopApp" : "true",
        "appinfo" : "false",
        "title" : "Vara Simulator",
        "width" : 30,
        "height" : 20,
        "backgroundColor" : "",
        "icon" : "chelutzu.png",
        "content" : "<audio id = 'hatz' src = 'assets/audio/hatz.mp3'></audio><img src = 'assets/video/chelutzu.gif' id = 'dpopa' onclick = 'document.querySelector(`.popupLocation`).removeChild(document.querySelector(`.varasimulatorPopup`));' onmouseover = 'moveDPopa();'><audio id = 'bassAudio' src = 'assets/audio/dropbass.mp3'></audio>" 
    },
    "credits" : {
        "place" : "label3",
        "path" : "ProgramFiles",
        "DesktopApp" : "true",
        "appinfo" : "true",
        "title" : "Credits",
        "width" : 30,
        "height" : 20,
        "backgroundColor" : "white",
        "icon" : "credits.png",
        "content" : "<div style = 'padding : .33rem;'><span style = 'font-size : .77rem;'>CEO : Z4que <br> Github : https://github.com/Zaque-69 <br> Video Copilasii mei : <a href = 'https://www.youtube.com/watch?v=NoTFUytUKWg'>https://www.youtube.com/watch?v=NoTFUytUKWg</a></span><br><span style = 'font-size : .77rem;'>Principala inspiratie : <a href = 'https://www.windows93.net/'>https://www.windows93.net/</a></span></div>" 
    },
    "guide" : {
        "place" : "label3",
        "path" : "ProgramFiles",
        "DesktopApp" : "true",
        "appinfo" : "true",
        "title" : "Manual",
        "width" : 35,
        "height" : 40,
        "backgroundColor" : "white",
        "icon" : "manual.png",
        "content" : "<iframe src = 'manual.html' class = 'h-100 w-100'></iframe>" 
    },
    "str3su" : {
        "place" : "label3",
        "path" : "ceav",
        "DesktopApp" : "true",
        "appinfo" : "true",
        "title" : "Manual",
        "width" : 60,
        "height" : 40,
        "backgroundColor" : "white",
        "icon" : "manual.png",
        "content" : "<iframe src = 'str3su/index.html' class = 'h-100 w-100'></iframe>" 
    },
    "bin" : {
        "place" : "label3",
        "path" : "ceav",
        "DesktopApp" : "true",
        "appinfo" : "true",
        "title" : "Manual",
        "width" : 60,
        "height" : 40,
        "backgroundColor" : "white",
        "icon" : "manual.png",
        "content" : "<iframe src = 'str3su/index.html' class = 'h-100 w-100'></iframe>" 
    },
    
    "PCuvantFolder" : {
        "path" : "ProgramFiles"
    },
    "chelutzuFolder" : {
        "path" : "ProgramFiles"
    },
    "empty" : {
        "path" : "ProgramFiles"
    },
    "assets" : {
        "path" : "ProgramFiles"
    },
    "index" : {
        "path" : "ProgramFiles"
    },
    "chelutzu_assets" : {
        "path" : "ProgramFiles_chelutzu"
    }, 
    "ciordeala" : {
        "path" : "ProgramFiles_chelutzu_assets"

    },
    "doriabi" : {
        "path" : "ProgramFiles_chelutzu_assets"
    }
    
}
